Agent, Dirt Piles, Sims, WIN ODDS, FAILURES, Points
Reflex,1,1000, ,97,10110,10110,2,0,2,1,4,4,4,6,10110,0,7,5,1,6,10110,6,3,2,4,4,6,0,6,4,10110,4,3,0,2,0,4,4,7,3,1,6,3,2,1,6,1,0,5,4,4,2,4,7,10110,5,7,1,7,3,6,5,0,0,0,5,3,2,2,4,7,0,1,0,4,3,10110,2,2,6,1,6,10110,2,1,6,4,2,7,6,7,3,4,1,1,5,5,2,5,1,5,6,10110,3,10110,0,4,5,0,5,4,5,2,10110,2,3,6,0,2,10110,3,5,4,3,6,5,5,6,7,7,1,7,10110,1,7,4,5,5,7,10110,7,3,7,6,1,3,7,5,0,2,0,6,0,0,2,7,6,7,10110,4,8,1,4,2,7,6,7,2,2,4,7,2,6,2,5,2,6,10110,0,0,3,4,7,5,0,4,1,0,1,7,7,10110,1,10110,4,8,0,2,6,3,7,1,10110,10110,0,7,5,3,7,6,1,5,2,7,0,0,0,5,5,2,10110,10110,10110,7,6,4,3,6,6,10110,5,1,6,3,2,5,3,8,10110,4,10110,5,3,3,1,10110,6,6,3,1,3,7,0,1,3,1,3,6,5,1,7,5,10110,5,6,6,4,6,6,0,1,4,0,2,4,2,2,4,4,5,1,3,6,4,7,2,7,4,7,10110,3,4,3,7,10110,3,10110,6,7,5,6,10110,5,10110,6,7,0,10110,4,0,6,6,2,10110,7,0,1,0,10110,7,6,8,10110,7,3,7,2,0,1,5,3,4,3,7,0,6,2,3,10110,10110,3,1,6,2,7,10110,6,2,5,4,1,2,1,10110,6,10110,1,0,4,1,5,1,2,10110,7,1,4,6,5,0,3,4,5,0,3,4,2,2,5,7,7,3,3,3,3,10110,4,3,7,0,7,4,2,5,10110,5,0,1,6,0,0,5,0,6,4,3,10110,0,2,10110,2,2,6,0,6,2,0,1,10110,1,0,6,4,2,1,1,10110,5,6,6,4,6,4,5,3,7,2,4,0,8,5,5,7,3,0,4,1,7,6,2,4,4,1,4,8,3,3,10110,4,7,4,4,7,4,3,1,5,0,6,1,0,2,6,6,0,4,2,0,4,2,5,5,2,1,4,6,5,1,0,0,4,1,6,1,5,2,2,0,0,1,6,5,3,10110,5,7,3,3,5,3,3,7,0,10110,6,7,0,10110,1,7,3,8,3,2,2,10110,6,2,0,6,7,2,6,0,3,6,1,3,1,2,3,2,6,1,0,5,5,7,2,3,2,5,5,5,1,5,4,2,3,2,0,5,7,7,6,1,2,6,1,10110,10110,2,6,1,4,5,5,6,6,0,3,1,5,0,3,1,4,3,3,7,4,6,0,2,4,3,6,1,2,2,0,0,1,3,7,3,7,1,4,6,6,6,0,5,2,10110,3,7,2,2,6,7,3,0,7,1,7,5,2,3,10110,1,0,5,5,6,5,1,5,5,2,3,3,5,3,3,0,3,1,10110,4,3,2,10110,3,6,10110,5,3,4,3,10110,2,0,3,2,6,2,10110,6,0,3,2,1,10110,5,3,3,0,1,5,6,2,7,7,3,4,6,0,5,0,4,10110,6,6,10110,10110,0,7,2,10110,0,0,2,6,2,4,4,3,5,7,4,6,7,6,2,1,4,5,2,3,6,7,7,1,10110,4,1,5,7,10110,6,4,5,3,7,10110,5,4,10110,3,10110,10110,5,0,10110,10110,6,4,1,10110,0,6,0,6,5,3,6,1,5,0,2,4,6,1,7,2,2,0,1,7,2,1,6,1,3,1,1,0,4,5,2,10110,3,5,1,0,10110,6,3,0,10110,1,5,10110,1,2,7,6,6,10110,0,1,0,7,0,2,3,1,10110,7,6,0,0,5,3,6,5,6,1,0,7,4,6,10110,8,2,6,10110,6,0,8,1,5,7,6,1,1,1,7,10110,5,6,1,6,0,5,1,1,1,2,7,7,2,3,3,3,4,1,6,4,5,1,1,6,2,1,0,5,5,4,2,7,2,2,4,10110,5,4,2,5,4,2,7,7,4,1,5,3,3,6,5,4,7,4,1,6,0,1,2,7,6,0,1,7,3,3,8,4,10110,0,6,10110,2,1,5,3,3,2,10110,5,4,5,0,0,3,6,2,7,0,7,2,4,1,4,1,4,10110,10110,1,0,4,1,5,6,1,10110,6,4,7,6,5,1,1,3,4,4,3,4,10110,3,3,1,2,5,0,1,0,6,10110,7,4,4,1,10110,4,5,4,0,0,3,4,4,2,0,4,5,0,7,6,7,5,7,10110,0,1,7,5,0,0,6,1,5,0,
Reflex,3,1000, ,294,7,10108,5,6,10108,10108,6,7,10108,7,7,7,7,7,5,6,10108,6,10108,10108,7,10108,10108,5,7,10108,3,6,7,7,10108,7,7,10108,7,2,6,10108,5,5,7,4,10108,5,10108,10108,4,10108,6,6,7,10108,7,7,5,5,7,10108,10108,10108,5,10108,6,10108,6,7,7,7,10108,8,6,3,10108,10108,5,3,7,7,10108,7,4,7,6,8,4,7,6,8,4,7,7,5,5,10108,4,10108,10108,10108,3,7,7,7,7,6,7,7,3,4,4,10108,6,6,4,10108,10108,7,5,6,6,7,3,6,10108,7,5,6,6,6,6,10108,7,10108,10108,10108,7,7,7,4,6,10108,10108,10108,10108,7,6,5,2,6,3,10108,10108,10108,10108,7,6,4,7,6,4,7,5,7,2,10108,5,10108,7,6,10108,6,10108,7,6,10108,6,6,7,6,10108,10108,4,5,7,10108,7,4,10108,10108,5,10108,7,6,10108,5,6,10108,7,8,6,10108,7,5,10108,6,5,7,5,7,10108,7,10108,7,6,5,4,10108,10108,6,7,10108,10108,5,4,7,6,7,7,4,5,10108,10108,10108,7,10108,10108,10108,6,3,4,7,7,6,6,7,4,10108,7,10108,7,10108,6,3,6,6,6,10108,6,10108,6,10108,5,6,5,10108,10108,10108,7,10108,6,7,10108,4,4,6,7,7,6,7,7,10108,6,10108,7,3,5,10108,6,10108,6,4,7,10108,7,8,10108,5,7,7,4,5,7,7,5,3,7,7,8,6,10108,4,10108,8,10108,8,6,4,2,10108,10108,7,7,7,7,7,10108,7,10108,10108,7,4,6,10108,7,10108,10108,8,4,4,6,10108,7,6,6,10108,10108,7,10108,5,10108,4,7,8,6,6,6,5,3,7,2,6,6,5,7,6,10108,10108,6,6,10108,10108,2,7,5,7,7,5,5,10108,10108,7,6,6,10108,6,5,8,7,7,10108,10108,6,7,4,10108,10108,10108,10108,4,8,7,7,8,10108,4,7,10108,6,10108,5,7,7,5,7,4,10108,7,7,7,6,7,5,10108,7,5,10108,7,6,10108,10108,10108,10108,7,6,7,10108,7,6,6,7,6,6,7,10108,10108,10108,10108,10108,4,10108,6,10108,7,10108,5,7,6,10108,4,4,6,4,10108,7,7,6,8,7,10108,7,5,7,5,4,10108,7,5,5,7,7,5,6,10108,7,7,6,10108,5,7,7,5,6,6,5,5,6,5,7,10108,7,2,5,10108,5,10108,10108,7,3,3,7,7,4,6,10108,10108,2,7,5,7,7,6,7,10108,5,5,7,5,2,5,7,10108,10108,10108,10108,10108,7,10108,6,10108,3,10108,4,10108,6,6,10108,5,10108,10108,7,6,6,5,7,10108,7,5,6,7,6,5,6,7,5,10108,10108,6,7,6,10108,7,5,6,4,6,10108,5,7,7,7,7,6,6,5,7,7,7,7,8,8,6,10108,6,10108,4,10108,5,10108,10108,3,6,6,7,10108,7,6,10108,5,6,10108,3,7,10108,3,6,6,7,7,6,10108,6,4,6,6,4,6,6,5,7,4,5,6,5,6,6,5,7,10108,10108,6,10108,4,10108,7,10108,6,6,6,7,10108,10108,10108,10108,6,7,7,5,7,10108,10108,10108,6,7,10108,7,7,7,7,6,6,10108,5,10108,6,10108,10108,7,6,7,5,7,6,4,3,7,4,10108,7,5,5,7,3,6,7,6,6,10108,10108,7,10108,10108,7,7,10108,7,10108,10108,5,7,7,7,6,7,10108,10108,5,3,10108,7,10108,7,6,5,10108,7,10108,6,10108,4,6,8,10108,10108,6,5,6,10108,10108,5,2,7,6,10108,7,4,7,6,7,10108,4,5,7,7,5,8,10108,4,6,7,6,4,7,5,10108,10108,2,4,10108,7,3,10108,6,5,6,8,10108,7,6,10108,10108,10108,7,6,8,7,8,7,6,6,5,5,5,10108,10108,4,10108,10108,6,10108,7,6,5,5,7,5,6,10108,10108,7,8,10108,6,10108,6,7,6,6,7,10108,7,10108,6,6,6,7,10108,7,6,6,6,6,10108,10108,10108,7,3,10108,10108,4,10108,7,6,7,10108,5,6,7,10108,10108,10108,7,4,10108,6,5,10108,3,5,5,10108,6,6,10108,7,7,7,7,10108,10108,7,10108,5,6,6,6,7,6,10108,10108,2,10108,5,7,10108,6,10108,10108,5,7,7,10108,8,7,10108,6,5,10108,4,7,4,6,6,6,8,2,7,6,10108,8,7,10108,10108,7,5,10108,6,8,5,10108,6,2,10108,10108,6,10108,7,4,6,7,7,5,6,10108,7,7,7,7,10108,7,7,7,7,7,5,7,5,10108,7,10108,6,8,10108,10108,7,6,7,10108,6,8,6,5,6,7,6,7,5,10108,10108,4,6,10108,10108,8,7,7,5,10108,10108,6,10108,7,3,10108,7,10108,6,10108,10108,7,3,6,10108,6,4,10108,7,4,10108,6,10108,7,
Reflex,5,1000, ,474,10106,10106,7,7,10106,10106,6,10106,6,7,10106,6,6,8,10106,7,10106,6,10106,10106,6,10106,10106,6,10106,7,6,10106,10106,10106,5,10106,7,7,7,7,6,10106,7,7,10106,6,10106,7,7,10106,7,7,8,6,7,10106,10106,4,7,10106,6,5,5,7,6,10106,10106,8,5,7,7,7,7,10106,10106,10106,7,5,10106,10106,5,7,10106,7,10106,10106,10106,5,10106,10106,5,7,7,10106,10106,7,7,10106,6,10106,7,7,7,10106,7,10106,5,10106,10106,7,10106,10106,7,10106,10106,10106,6,6,10106,6,7,10106,7,10106,10106,10106,6,7,10106,8,10106,7,10106,7,6,10106,10106,7,7,10106,6,8,7,10106,10106,7,6,10106,7,7,10106,7,5,10106,6,7,10106,7,10106,10106,7,10106,10106,10106,7,5,7,6,6,6,10106,6,10106,10106,10106,7,7,7,7,7,7,7,7,10106,10106,10106,10106,10106,10106,10106,7,10106,10106,10106,10106,6,10106,10106,10106,7,10106,7,7,10106,10106,10106,5,10106,10106,7,7,10106,6,10106,8,6,7,7,10106,7,10106,7,10106,10106,7,10106,7,10106,7,10106,6,8,10106,6,10106,10106,7,7,7,10106,10106,5,5,5,6,7,5,6,7,10106,10106,10106,10106,10106,6,10106,7,7,7,6,7,10106,10106,10106,10106,7,10106,7,6,10106,7,10106,10106,7,10106,6,10106,6,6,10106,6,10106,6,7,10106,10106,10106,7,6,10106,6,6,6,8,7,7,7,10106,10106,10106,10106,7,10106,10106,7,10106,7,7,10106,10106,10106,6,7,8,10106,10106,8,7,10106,7,7,7,7,7,10106,10106,10106,7,10106,10106,10106,8,6,10106,10106,7,4,10106,7,10106,10106,10106,7,7,5,10106,10106,7,7,6,8,10106,10106,7,8,7,10106,7,10106,10106,10106,10106,7,6,10106,10106,10106,10106,8,10106,10106,7,10106,7,8,10106,10106,10106,10106,10106,7,7,8,10106,6,6,7,10106,10106,10106,10106,10106,10106,6,7,10106,8,7,7,10106,7,7,7,5,10106,7,10106,7,7,6,8,10106,7,10106,6,8,7,7,6,7,7,10106,10106,7,10106,6,6,7,7,10106,5,7,7,7,10106,7,6,10106,10106,6,10106,10106,10106,10106,10106,7,10106,7,7,10106,10106,10106,7,7,10106,10106,7,7,10106,10106,6,8,5,10106,7,10106,10106,8,6,10106,10106,10106,7,10106,7,6,10106,10106,10106,6,10106,10106,7,10106,5,8,10106,7,10106,5,10106,5,10106,10106,8,7,7,10106,7,10106,10106,7,7,10106,10106,10106,7,6,7,10106,7,10106,10106,7,7,10106,7,10106,10106,10106,10106,10106,10106,7,10106,7,10106,7,7,7,10106,10106,10106,7,10106,7,7,8,8,10106,6,6,6,7,8,7,6,10106,6,10106,7,7,7,7,6,7,10106,10106,10106,10106,7,6,7,10106,10106,10106,6,10106,10106,5,10106,6,10106,10106,8,10106,10106,7,10106,7,6,10106,10106,10106,7,7,7,7,5,10106,7,8,10106,10106,10106,8,8,10106,10106,4,7,8,10106,7,10106,7,10106,5,10106,7,7,8,10106,6,10106,10106,7,10106,7,7,10106,10106,10106,6,10106,6,8,7,10106,10106,10106,7,10106,7,7,7,7,10106,10106,10106,10106,7,6,5,10106,10106,6,10106,10106,7,7,7,6,10106,6,10106,7,7,10106,6,7,5,10106,10106,10106,10106,10106,10106,7,10106,7,10106,7,10106,10106,10106,10106,10106,10106,10106,10106,6,10106,4,10106,5,10106,7,6,6,10106,10106,10106,10106,7,5,7,6,6,6,10106,8,10106,10106,7,6,10106,7,10106,8,10106,7,10106,8,7,4,10106,10106,10106,7,10106,8,7,10106,7,10106,10106,7,7,10106,10106,10106,10106,7,8,7,10106,10106,10106,10106,6,7,10106,10106,10106,10106,10106,10106,10106,10106,10106,5,10106,7,10106,6,10106,10106,10106,10106,7,8,10106,10106,10106,7,7,10106,6,7,7,6,6,10106,6,8,7,6,7,10106,10106,10106,7,10106,6,7,10106,7,6,7,10106,10106,6,7,7,5,10106,7,8,10106,7,10106,7,6,10106,7,10106,10106,10106,10106,7,10106,6,10106,10106,8,6,10106,8,7,10106,7,6,7,10106,7,10106,10106,7,10106,7,7,5,8,7,10106,6,5,6,10106,7,10106,10106,5,10106,10106,10106,7,10106,10106,7,6,7,7,7,10106,6,10106,7,5,10106,10106,7,10106,10106,7,10106,7,6,7,8,7,6,10106,7,10106,7,10106,10106,10106,7,8,10106,10106,6,10106,10106,6,7,5,4,10106,7,7,10106,10106,10106,7,7,10106,7,7,10106,10106,10106,7,10106,10106,10106,10106,6,7,10106,7,10106,7,10106,6,10106,7,10106,10106,7,6,10106,10106,7,6,6,10106,10106,7,10106,10106,10106,10106,7,10106,7,7,6,10106,6,5,5,10106,7,7,7,8,7,7,10106,10106,7,10106,5,10106,7,10106,6,7,10106,10106,8,10106,6,10106,7,10106,8,10106,10106,6,6,6,8,10106,6,10106,6,4,6,10106,6,10106,10106,10106,7,10106,10106,10106,7,7,7,7,10106,10106,10106,10106,8,7,7,10106,
Random,1,1000, ,0,6,50,56,106,76,94,4,7,158,10,112,49,25,22,53,205,33,18,38,14,91,6,66,173,10,2,268,5,37,31,14,45,43,111,54,9,118,145,3,279,17,17,25,10,10,27,155,22,100,19,267,35,152,38,74,5,49,90,24,16,38,171,13,7,8,38,0,153,23,2,187,40,24,81,25,53,4,42,11,77,36,23,23,116,294,387,4,19,374,53,19,10,124,37,12,5,42,112,44,1,92,18,71,149,21,36,78,94,94,16,61,108,131,146,32,82,65,14,11,84,24,1,30,10,5,141,36,41,2,35,18,3,30,37,71,16,17,63,28,20,21,6,204,1,67,40,56,60,54,45,23,32,28,107,25,5,20,77,209,33,148,117,32,65,49,43,85,49,5,95,5,132,2,20,22,21,60,0,43,56,37,67,22,6,73,163,21,64,2,56,23,17,156,373,143,50,36,138,16,51,47,9,43,38,118,14,16,7,16,2,40,3,26,41,33,12,77,8,15,4,334,13,34,2,31,34,11,18,15,8,36,31,79,61,9,0,15,9,66,1,35,71,43,66,175,46,11,213,11,18,27,80,22,31,212,46,23,14,29,54,73,79,4,67,1,61,13,83,118,133,67,135,76,121,61,48,54,89,14,27,109,291,44,72,103,21,161,33,115,45,50,29,5,122,181,50,129,11,172,39,641,64,61,113,45,19,41,44,0,58,34,12,262,37,78,91,13,179,16,121,15,44,91,31,176,33,110,38,31,160,23,6,132,55,14,2,102,200,75,82,42,32,177,51,29,41,31,19,12,128,21,61,54,220,5,53,67,57,127,127,36,92,70,10,18,68,13,57,33,0,217,2,102,37,3,47,27,9,0,33,14,199,24,246,21,93,49,217,36,84,81,102,34,21,22,65,128,16,17,158,40,149,206,49,194,32,102,38,62,32,13,126,96,15,58,14,7,139,48,25,33,11,8,118,168,6,33,114,71,225,3,32,69,45,24,56,102,154,4,340,24,42,101,17,30,84,1,33,13,50,167,133,164,54,31,44,9,20,10,7,66,22,44,30,57,69,43,117,28,45,116,71,44,10,0,165,104,302,21,28,520,62,126,168,63,4,287,5,180,73,23,24,3,108,2,127,9,10,136,89,1,99,93,3,23,73,8,57,5,317,34,6,25,17,35,76,1,1,28,380,324,68,465,78,0,15,78,34,51,110,84,62,81,33,43,160,20,138,27,66,24,62,15,127,29,13,45,111,96,18,30,2,124,36,3,46,72,148,22,183,20,80,3,259,99,11,89,9,61,0,5,19,52,129,232,12,10,35,165,264,32,88,101,13,3,90,26,29,177,64,126,122,61,54,116,68,44,463,74,102,92,145,100,185,53,100,3,50,71,110,51,95,264,81,104,9,9,75,10,21,4,180,18,30,125,28,86,46,38,111,61,57,121,136,46,157,25,16,63,0,28,4,32,34,42,12,214,52,68,3,14,53,0,82,4,204,105,29,48,38,9,16,10,69,257,144,37,2,44,14,27,56,119,117,41,1,31,91,153,6,59,65,205,40,72,73,8,13,17,51,132,2,15,67,219,28,94,40,15,35,115,26,95,54,7,13,102,282,26,43,1,152,20,62,21,103,2,15,24,187,68,25,48,98,16,7,29,95,235,97,0,38,17,4,53,39,58,38,12,173,4,93,80,7,11,16,114,4,14,13,73,40,5,46,18,2,185,79,52,2,13,105,22,265,99,79,0,185,222,299,26,11,9,11,53,85,29,27,10,167,62,78,3,63,62,40,145,125,88,0,35,234,0,19,18,90,196,160,32,53,24,179,37,1,23,25,9,64,74,332,60,157,64,40,8,50,167,8,16,42,64,23,28,27,153,40,304,22,3,16,51,12,49,40,114,23,1,156,28,18,34,29,0,19,192,77,192,36,137,33,115,23,440,52,149,45,15,12,148,72,9,19,11,127,22,22,54,130,2,21,55,10,14,61,62,191,41,45,33,62,138,101,197,23,60,4,24,197,322,66,23,17,11,431,48,0,2,240,24,1,87,13,156,82,13,68,144,50,124,4,33,12,127,136,79,17,7,96,57,56,40,18,13,2,21,65,36,51,24,83,46,69,41,85,454,76,78,45,134,45,10,4,76,0,30,224,121,221,30,114,10,90,139,18,84,204,49,16,6,14,165,5,67,82,278,27,17,216,39,71,152,66,39,2,2,30,7,134,79,29,229,35,30,30,5,37,20,130,4,99,26,20,20,122,15,46,7,6,115,87,
Random,3,1000, ,0,42,111,159,164,17,87,108,243,57,48,73,305,142,136,91,111,78,362,107,157,321,72,66,223,313,44,101,309,148,111,89,166,91,272,49,89,104,40,61,122,89,59,174,45,424,62,65,108,453,90,50,60,69,60,104,209,289,157,307,178,95,191,38,115,35,131,121,114,176,38,116,95,24,63,186,31,77,128,135,75,237,133,397,148,101,56,197,70,91,22,153,129,152,95,30,168,31,132,96,238,228,30,199,530,102,67,159,38,46,87,95,96,451,60,129,45,119,86,49,34,127,116,80,44,104,104,73,148,139,198,208,257,271,305,208,76,199,146,141,128,21,99,77,150,234,37,126,24,176,85,243,104,99,134,200,53,66,197,32,74,56,87,127,125,159,108,169,118,91,66,48,117,42,44,138,19,112,100,148,91,58,93,61,82,52,99,135,222,122,50,175,122,102,133,208,31,20,303,72,28,119,77,22,88,40,240,138,213,51,251,132,115,184,193,129,33,39,89,68,232,137,87,340,84,109,151,116,71,89,272,93,217,155,63,308,51,162,100,192,74,255,86,76,198,191,137,85,16,47,141,202,144,107,60,58,78,153,144,105,442,36,161,158,131,332,110,270,78,324,227,129,12,80,44,246,61,388,157,101,102,105,94,307,178,90,158,29,24,153,93,87,259,103,38,48,55,97,47,111,74,217,65,56,76,430,54,45,94,118,281,144,68,79,235,145,408,180,99,29,56,163,61,90,126,73,71,87,159,40,44,47,138,52,75,45,225,210,99,100,61,83,316,37,65,116,129,33,139,74,121,22,177,218,135,69,105,221,133,83,138,55,180,119,113,109,211,124,160,97,56,61,57,104,168,113,151,142,64,229,103,49,215,14,78,126,60,108,113,158,234,67,58,201,44,109,74,215,99,62,99,20,317,179,29,60,174,128,83,125,271,209,75,114,359,32,70,109,90,18,43,81,118,63,31,91,95,206,157,129,143,18,115,271,55,160,398,107,189,360,200,56,120,123,167,368,140,266,243,167,110,79,112,70,196,431,244,60,92,273,37,52,106,44,176,695,24,157,336,47,106,78,62,108,298,87,72,39,97,46,251,162,115,108,73,39,135,59,112,130,156,114,200,269,64,137,214,114,339,38,121,196,38,366,182,123,50,27,156,39,43,167,108,107,55,77,225,171,282,164,35,77,244,288,29,300,480,360,159,146,105,164,346,382,387,196,101,329,34,121,330,43,119,210,66,39,112,217,109,214,25,264,90,441,188,49,168,67,75,85,145,157,156,36,89,71,204,93,225,19,69,124,79,169,53,75,223,158,378,112,316,185,228,52,83,130,26,45,198,346,90,58,82,186,77,82,34,164,254,60,26,135,35,81,255,335,88,116,46,89,71,156,116,61,96,77,71,183,139,74,75,98,48,173,163,216,225,72,59,59,181,148,55,77,55,78,260,60,283,205,191,117,280,108,134,91,93,182,118,110,93,66,155,135,206,202,357,41,109,249,188,106,88,513,147,100,116,77,147,21,59,181,108,106,156,218,110,55,83,232,12,100,53,135,94,68,95,330,372,264,341,88,30,208,76,63,188,64,139,92,67,144,183,146,36,82,42,62,27,12,55,160,93,110,176,243,35,108,238,32,153,115,213,132,71,88,103,170,169,115,75,78,96,76,65,29,158,75,103,80,72,73,116,102,90,159,87,117,121,257,31,59,81,133,216,77,84,173,60,123,47,133,85,226,167,47,85,61,163,141,98,143,68,104,151,99,62,143,35,140,92,284,71,75,191,180,102,51,62,194,233,62,141,221,149,339,207,96,283,255,43,110,465,95,121,125,234,319,95,48,151,85,56,83,106,114,78,109,72,122,122,84,90,147,232,128,136,97,239,353,207,78,379,317,64,101,117,46,142,264,114,100,42,364,63,67,114,199,82,137,84,76,26,94,140,91,194,194,183,77,255,147,63,132,127,31,117,89,308,110,153,98,22,120,320,98,273,51,142,69,172,140,88,37,172,74,169,65,32,204,395,92,30,36,110,212,91,90,71,30,50,106,149,49,94,111,41,68,231,490,118,67,58,59,157,34,123,259,86,62,73,77,93,138,428,71,54,33,95,162,27,184,204,207,131,89,113,97,70,53,182,120,133,149,140,36,18,115,59,88,33,200,30,170,299,131,52,170,89,32,35,178,274,91,65,273,166,136,222,69,76,118,267,83,77,91,200,221,175,48,51,220,31,161,113,221,161,132,699,126,185,28,85,76,158,167,191,226,189,173,656,
Random,5,1000, ,0,103,154,223,188,230,109,303,88,224,260,75,163,20,251,191,196,207,53,118,224,126,66,86,83,177,210,46,354,214,101,292,105,228,131,174,253,132,43,95,94,94,176,73,116,118,170,147,143,135,72,111,170,67,218,63,131,118,167,330,124,274,53,94,34,336,122,110,361,143,79,126,105,170,111,381,171,54,213,131,234,76,218,54,211,119,75,195,119,321,272,167,91,83,174,132,133,84,72,336,398,54,123,305,63,35,168,196,271,143,294,129,77,98,103,225,148,238,43,294,306,114,348,289,104,108,62,201,153,88,197,350,80,288,236,223,161,162,46,64,41,151,102,173,56,212,158,180,410,110,226,152,88,156,123,107,102,174,109,136,110,123,133,246,79,112,21,207,147,139,80,160,86,166,279,93,43,202,255,249,238,184,91,89,113,132,176,187,159,229,97,513,52,36,280,242,140,135,237,134,77,299,130,350,204,125,146,106,188,380,100,190,184,256,375,79,184,112,126,21,89,53,149,143,79,54,57,26,424,42,101,181,93,684,84,217,219,59,302,76,114,64,78,150,134,149,109,81,281,260,104,183,94,161,108,164,125,117,155,111,215,57,206,93,76,114,218,73,85,242,123,104,41,74,129,380,265,81,144,82,108,207,181,209,211,111,71,224,180,191,357,177,93,81,128,66,76,115,153,65,80,151,72,134,201,90,144,136,158,237,129,147,297,49,95,400,114,107,235,171,67,244,319,43,108,96,92,302,115,382,129,125,46,373,177,132,282,50,85,171,185,171,111,86,154,129,153,62,136,78,69,307,59,297,62,188,131,164,100,201,178,167,182,249,47,241,336,187,248,346,193,82,159,145,119,151,164,82,34,138,162,254,105,119,144,151,191,456,264,91,137,85,127,56,151,179,171,120,135,89,476,214,141,232,57,122,500,178,54,154,243,160,138,72,73,136,128,177,667,198,77,341,84,192,150,189,90,207,323,68,290,145,93,37,120,165,228,257,100,233,471,137,111,61,123,191,75,313,132,117,126,145,167,220,204,171,152,202,151,316,170,87,39,144,123,110,424,186,155,149,84,177,93,80,79,414,103,276,94,310,288,93,53,131,102,156,198,55,112,204,163,195,192,175,120,153,158,198,210,144,92,145,99,107,164,347,84,86,73,179,482,214,208,139,206,338,79,159,220,67,98,93,243,212,186,39,244,76,125,135,148,211,235,188,14,149,248,196,200,343,55,68,123,85,111,140,159,46,206,349,150,52,142,32,296,77,68,274,113,99,176,84,179,165,173,89,227,342,79,172,102,364,439,57,483,79,201,229,63,258,424,197,71,86,168,87,114,378,164,113,621,92,226,53,181,180,180,248,169,350,235,412,136,149,553,138,211,185,95,206,136,153,193,215,150,548,200,508,176,52,54,38,110,69,161,234,152,209,397,137,257,212,120,110,240,162,353,38,107,101,136,475,146,273,105,156,165,217,243,85,478,72,212,177,158,30,57,201,76,226,425,469,153,79,219,239,51,106,175,227,233,161,205,177,422,165,215,118,199,134,133,164,178,154,216,189,105,53,243,210,194,215,308,80,196,95,100,338,383,121,183,16,370,392,96,451,103,254,120,245,129,97,147,265,118,246,100,159,153,46,301,196,144,207,63,236,255,133,126,186,169,29,122,119,86,174,142,304,155,32,189,104,276,46,80,274,407,100,182,174,114,219,218,199,164,80,47,297,321,137,126,172,122,165,420,50,130,113,296,144,212,291,174,254,141,14,178,79,172,146,328,150,144,68,142,216,450,243,99,170,151,188,71,78,74,149,217,111,212,174,129,51,141,139,258,116,166,169,61,82,99,58,160,75,74,276,64,40,239,98,73,125,58,83,237,102,166,82,72,170,326,24,253,105,60,157,156,188,142,64,59,152,365,170,122,250,79,284,106,57,137,154,171,312,154,65,182,232,87,42,155,296,134,183,148,86,300,156,229,75,82,110,97,122,170,87,79,224,149,188,215,206,107,266,166,282,510,107,103,386,97,198,135,238,150,283,91,104,134,117,159,194,60,170,139,163,160,186,94,195,427,309,177,233,120,178,119,75,176,119,75,105,102,101,38,280,141,131,68,153,210,68,119,67,84,146,112,277,212,410,72,128,79,104,148,80,87,181,73,187,71,147,84,225,132,200,87,294,159,65,144,72,114,189,141,51,135,110,117,75,69,225,86,270,73,235,114,373,222,116,282,199,80,131,93,193,228,107,117,239,104,103,142,138,375,191,170,48,184,268,68,
Reflex Murphy,1,1000, ,119,9,6,5,3,0,11089,6,0,0,2,25,34,0,7,33,19,6,7,11083,4,8,5,4,10,10,10,0,3,19,3,14,18,28,0,1,7,11,38,21,8,21,11015,7,0,6,1,0,6,3,10985,20,6,5,17,6,2,17,5,0,10872,0,4,3,2,7,24,8,13,2,11198,7,6,6,7,3,1,4,3,6,6,22,10956,0,0,9,0,12,1,1,6,9,1,0,5,9,11137,5,3,6,0,9,11,28,15,1,1,11143,0,10917,3,23,10,9,0,11207,3,11,7,11154,36,11103,5,0,6,8,3,4,2,4,5,5,8,2,5,9,1,13,6,15,2,11142,38,4,6,19,10,27,12,1,0,4,2,11136,11041,11102,0,14,0,22,4,14,7,7,2,0,10980,11,1,2,11055,4,8,6,0,11107,2,9,0,11043,7,13,17,11028,0,1,23,10,10,10983,6,8,11308,0,16,3,16,5,1,11053,3,11094,9,31,10,10,18,25,10967,7,7,9,0,0,1,42,11160,5,0,25,7,6,16,0,1,1,1,10,11060,4,17,30,11062,4,15,0,4,5,7,2,0,4,33,22,15,1,0,15,16,9,13,12,11082,3,29,7,11,11347,8,10,7,15,15,17,7,5,10982,0,5,4,14,10,4,14,17,3,7,5,11023,8,4,11124,1,9,5,44,13,7,1,10,6,42,17,5,11138,2,11056,2,11016,12,22,0,6,10950,16,11079,0,16,0,12,1,5,24,15,11096,20,7,5,8,0,11101,16,17,11,5,10,3,10,11111,39,3,25,22,15,4,16,11025,14,7,1,7,10972,11093,7,10982,9,1,20,11086,11216,19,3,8,11014,0,2,5,6,7,23,4,7,4,1,16,11374,13,4,22,14,12,26,11053,14,11185,16,19,0,12,10,32,15,25,1,6,2,1,0,7,11147,0,9,6,27,10988,14,4,11052,8,1,6,11215,11040,5,3,2,4,14,4,11051,7,5,2,8,4,2,23,4,1,13,27,7,12,5,4,24,4,8,27,7,0,16,2,7,18,9,15,11014,11038,5,11084,41,2,1,10,11101,4,11037,25,10,1,11298,0,0,11037,18,2,12,22,10962,11,4,14,11,11,42,7,0,1,7,24,6,17,4,11118,6,14,11166,1,11,2,9,16,20,0,4,1,18,1,14,11065,4,8,7,25,11202,11106,7,7,9,9,11,6,0,1,0,15,2,10,0,11122,14,16,1,5,6,11030,9,4,5,10,3,24,22,9,4,1,4,1,3,5,2,11114,37,1,1,9,0,0,3,5,4,11097,13,6,0,11071,8,8,14,4,0,2,8,7,4,2,21,4,11210,5,4,3,7,11,26,2,33,11,3,20,11,2,6,0,5,4,3,10,15,2,0,3,16,11,4,2,5,33,19,2,2,18,11028,7,16,3,15,2,11,0,6,12,37,11007,3,2,33,11116,4,11,0,19,1,19,15,0,1,10911,17,12,17,8,4,10,35,10,6,33,5,2,28,11013,31,3,4,4,6,40,1,3,11,1,25,19,13,2,0,0,11104,0,15,20,12,1,1,16,22,11,11,13,11105,0,5,15,5,8,11,3,14,7,56,5,4,27,7,4,13,0,1,4,10913,3,18,4,16,20,24,1,9,10959,4,14,22,0,10,11113,1,7,2,6,23,5,10,11109,2,16,11223,15,14,6,2,7,7,2,11,7,23,18,49,5,9,10,3,10,8,11,11185,17,30,10,6,1,9,1,11035,5,13,10987,11,0,14,11180,8,7,3,0,36,3,3,10,4,5,14,4,13,5,4,16,7,11143,17,0,4,0,0,8,7,1,17,25,10,4,4,8,12,15,15,3,5,10898,6,19,11004,13,12,5,2,2,0,11063,2,36,10958,10926,1,5,35,0,10,14,14,7,5,11227,9,10,0,1,49,5,5,11060,11072,22,7,3,7,25,0,6,57,5,36,1,6,12,5,3,0,17,2,0,23,8,9,2,11,15,24,9,7,10,3,3,1,12,11,20,3,7,11011,17,5,17,0,33,6,11127,0,27,4,7,4,4,17,5,6,16,2,7,8,2,10920,22,11143,1,1,19,7,5,11435,47,15,10983,6,2,15,5,19,11016,1,11,13,11,17,13,16,4,10,3,3,11188,16,11182,14,13,0,11,6,8,4,31,9,1,11016,25,1,32,30,12,7,45,8,6,14,7,1,24,42,0,13,0,6,13,16,11,8,11,3,3,5,20,0,6,3,21,8,4,11120,13,11051,0,2,6,22,15,17,23,3,24,13,12,4,1,11101,7,5,4,22,16,9,3,20,17,10947,0,1,3,15,13,0,11119,5,5,5,8,3,2,10,5,13,11132,6,1,0,0,5,61,2,10,
Reflex Murphy,3,1000, ,302,6,27,9,16,11011,15,11152,19,17,11292,7,19,11010,11081,8,11064,19,36,11093,6,12,28,18,16,24,11098,8,25,11156,10,11029,19,10965,27,2,29,18,6,11043,32,23,11051,11055,24,28,11106,11034,10998,18,7,15,20,29,11107,26,41,11023,29,10960,7,10879,11115,38,11,33,7,11227,11075,8,27,15,35,4,5,4,11181,17,33,10997,7,50,19,11000,11020,7,24,16,15,6,45,11116,11126,42,13,15,9,36,11135,4,26,10936,11217,11196,26,35,7,37,23,11081,25,9,21,10922,11122,10963,45,11029,4,29,8,11044,7,13,21,11356,26,10916,11103,17,11043,18,11034,11113,24,20,15,18,11108,11013,11173,9,13,45,17,11030,11080,11,14,25,43,26,16,6,7,11034,11044,15,11166,34,10851,46,10904,24,16,11005,4,7,6,11112,10956,11052,18,10880,54,7,48,11038,11189,25,30,36,11425,3,11117,17,23,22,35,10962,11082,11116,36,10992,36,18,11045,13,11085,11133,11160,25,13,13,9,11320,29,28,5,18,5,11061,9,5,17,11052,5,15,11023,26,5,6,4,25,35,13,11415,11257,28,21,9,9,30,27,48,57,10,36,14,11108,11137,17,20,20,10963,27,25,29,21,12,6,6,19,8,29,10,10996,15,7,11079,7,7,11051,30,50,11177,10927,27,7,11021,41,10980,11079,21,9,27,7,10,5,26,11022,12,6,8,7,11085,18,11168,17,11126,11042,26,26,16,29,37,21,5,39,11101,11112,11146,43,37,19,13,8,11275,18,11091,30,7,45,11102,9,19,23,7,23,10989,27,16,17,11077,8,26,26,7,6,17,23,17,11239,17,36,22,61,5,4,14,33,3,8,11278,11092,4,17,11327,11118,11134,33,19,35,11252,45,10829,10943,11041,10990,17,5,36,20,43,11238,11,11145,11063,21,10963,11117,27,11019,16,10940,11147,11080,9,17,11030,11083,20,27,11107,15,17,11073,10,17,37,27,15,33,48,25,30,60,13,25,11037,10938,7,25,11186,19,29,11221,17,7,16,67,18,11325,39,11,11100,23,9,7,5,25,37,5,22,7,13,5,11190,6,12,17,11043,49,11071,4,6,11220,12,11113,11087,7,10948,3,31,11172,5,17,48,7,17,37,10995,43,28,31,36,10985,22,7,6,7,11076,19,8,11095,29,13,39,11007,7,48,12,11087,5,10961,4,11168,11202,28,7,21,25,29,11110,21,7,19,37,9,39,7,32,7,11159,4,47,6,33,20,10995,16,16,7,8,48,10945,21,17,11092,6,28,22,11036,24,9,11004,7,17,27,7,28,11011,10995,11246,10970,21,11060,9,10,7,16,11081,31,10994,6,11037,3,10924,5,11140,16,11005,5,11,11083,13,47,7,20,18,20,19,11072,6,11078,54,38,15,27,11163,11097,11116,11220,7,22,11,11064,11122,48,36,21,7,16,11058,40,27,6,17,11336,11276,11,10955,11,39,7,30,11135,10982,32,16,11254,11039,11191,5,20,8,7,9,7,14,5,4,11115,17,7,8,11150,11037,27,11226,11,9,9,11047,11128,8,11243,11111,20,31,54,5,13,11194,10999,11125,11129,17,20,9,11149,8,12,11004,11054,6,8,6,62,11198,7,55,10990,11068,15,6,11073,15,35,10997,9,36,15,24,26,15,11083,11147,5,17,11052,9,5,18,6,11121,34,31,11265,16,19,15,11163,16,7,11087,55,25,6,8,17,11158,11169,16,11089,11272,5,11116,57,6,2,25,10959,34,7,49,35,11097,11181,11059,10,7,10973,48,10,4,23,11221,11190,7,23,16,10923,19,20,11094,17,20,8,9,11117,14,7,8,62,12,27,11,5,16,10996,11103,11063,7,35,42,10,46,26,6,25,15,8,10,6,11044,11199,41,8,11096,7,11267,11152,11119,34,9,11275,37,10988,5,69,37,50,4,17,54,11087,7,11,12,55,49,10958,5,6,19,28,10870,36,11277,62,32,35,11356,5,39,11116,7,43,15,40,10869,11089,8,6,5,42,57,4,11264,11141,7,15,11225,11075,10991,26,7,16,4,28,48,11016,12,43,10936,7,11067,18,9,17,38,15,17,11178,26,37,10916,11288,11128,24,31,9,11070,5,8,9,4,30,7,11022,10,57,34,26,39,17,11198,36,11048,20,7,4,27,12,11088,17,15,7,12,11,40,11123,15,11176,7,10998,10,11247,11035,7,17,16,41,10,23,14,36,11171,29,11,21,11156,13,10967,5,17,11067,49,7,19,26,10987,13,11,43,11063,35,10949,17,10976,15,11222,30,7,19,16,48,17,11026,5,26,21,25,24,6,11015,11038,5,10992,5,27,17,21,11332,7,6,11141,65,5,17,8,17,11027,6,24,17,28,16,10921,11207,11140,16,5,11194,10967,72,11,11139,46,11244,6,23,5,11154,29,9,11053,45,15,15,16,29,10,11268,6,7,8,11171,27,10965,19,14,16,6,13,28,58,38,19,6,12,7,5,12,17,11072,11190,6,15,29,6,26,11103,20,34,15,11235,44,38,11218,
Reflex Murphy,5,1000, ,498,10879,11100,33,26,11123,16,56,11127,10963,18,11081,24,44,11140,7,11119,10845,45,11082,11100,11036,11113,10953,11085,11043,7,11346,12,11125,9,9,53,11087,11173,44,11000,30,11032,11093,10955,11160,7,36,11107,11233,5,11034,19,11146,10968,31,21,11297,11010,11116,15,10964,17,11301,11027,37,21,11117,59,11165,33,57,10,11182,11119,37,11104,7,35,59,16,43,10941,10,11274,37,11098,11041,11259,26,11077,38,46,10967,31,6,27,10965,26,16,11093,45,47,11101,11119,11019,11093,35,10969,11477,41,49,11008,10948,11138,68,9,39,19,11129,22,56,11005,17,47,11034,63,43,32,22,32,11004,53,45,33,48,10938,22,11182,11166,7,11116,10924,27,11072,10,39,16,17,11190,11015,11040,27,11186,11136,10895,28,11116,11080,11115,45,34,48,16,10922,11070,11,11073,10960,44,44,76,7,11181,15,17,31,16,5,11121,16,11149,11254,11108,21,53,25,27,10903,39,11048,11081,11112,11133,30,10892,11060,11015,23,11332,10951,46,11067,14,12,23,21,61,10987,11178,11190,26,11067,11014,10982,10963,25,11337,11076,10992,10,11156,11003,11212,10977,11285,11099,10996,11212,13,24,11191,37,11173,17,11044,17,10964,16,11144,10908,11113,11143,11030,10995,11194,11236,10967,59,34,16,11031,59,34,11065,34,11146,17,21,11111,11122,29,11066,21,19,11052,41,11,58,10921,80,10943,11083,10901,11064,18,43,11038,7,10952,19,10901,18,11024,11052,35,11190,34,11183,11,30,11146,27,61,11076,11120,44,11123,10963,11,11409,9,10919,11173,36,11167,10985,10962,10958,40,11091,26,38,10961,11320,25,85,11010,25,9,38,27,11188,21,11168,90,11019,7,27,10978,21,11052,10,11084,31,45,20,19,63,33,16,41,11112,19,23,8,37,11121,44,11265,6,11142,33,7,11075,10859,11094,11039,11154,51,10960,11075,11193,18,11121,45,18,55,17,31,16,11103,24,63,11113,11374,22,37,17,11164,22,6,11198,64,11173,37,20,11153,11202,39,7,17,39,18,29,18,9,11003,11011,11015,15,17,87,11130,54,11101,10,9,32,17,9,33,8,21,11077,65,11024,11115,11194,28,7,11246,11060,7,47,19,11201,11122,11031,11063,27,11157,18,10939,51,11256,70,7,20,20,11144,11197,26,22,59,44,53,11201,11088,11014,10912,36,11137,75,11004,12,7,26,11139,10916,11210,11067,36,40,10986,27,11094,12,46,58,11011,11090,11101,11021,11180,33,11,39,11073,58,27,11160,11142,11050,34,11098,40,38,19,17,45,30,55,44,11284,11098,11167,17,11126,43,38,11059,16,11090,26,31,11012,10889,11281,10864,49,26,11217,36,61,11250,11033,11539,11027,11063,10993,11007,11065,11297,12,8,10981,6,21,11060,11174,11167,11008,10933,11005,11236,5,11201,33,54,11139,11282,11048,11271,23,9,11239,11045,10927,11088,24,11101,47,10997,19,10926,74,11265,18,11022,47,10953,11026,24,11090,10959,11192,10975,11111,7,17,11165,7,11058,29,26,10955,26,28,28,11082,26,8,10963,11112,11012,11089,10951,10918,17,11054,24,11005,11024,19,41,11081,11127,49,9,11082,11046,19,11053,11077,26,11188,10981,10926,11020,11130,65,11082,64,11309,10868,11,51,19,33,11134,19,11170,11,11106,15,12,11012,30,45,38,11270,11026,11259,11059,7,10856,29,22,23,11058,29,7,10993,67,11165,17,11261,19,10925,8,11168,49,17,11178,11092,58,11125,36,16,37,11024,18,39,11153,11052,92,11062,11251,17,10998,10940,51,65,7,11078,18,20,10977,11009,11207,24,14,47,11073,11177,52,11068,11041,85,10999,34,17,42,17,11061,10,6,11160,78,11070,11228,11071,11259,11200,10978,11033,56,6,27,10880,33,36,17,11145,10954,11169,11038,11134,11059,49,11030,11209,17,10964,18,11157,10943,46,28,11025,30,11215,11220,29,27,11155,10980,19,11057,30,48,10954,11021,16,11032,54,18,39,10935,7,11103,10857,23,7,10,26,11139,19,11065,36,37,8,11041,11101,64,34,10980,25,29,7,37,11,18,11174,6,7,11100,11062,21,37,10989,16,43,11082,19,11083,10907,29,10947,7,11246,10996,11016,11092,40,9,16,48,11011,43,37,70,30,11134,42,17,17,11144,10966,11196,11009,11303,42,11181,10918,11125,11099,10994,11082,11146,11116,8,11163,33,38,11051,13,11111,53,19,43,41,11098,16,14,38,56,16,35,15,32,11101,11208,32,5,8,54,22,11097,11170,21,11027,11167,11093,36,18,11051,12,28,11202,28,37,11058,11008,17,42,11056,11037,11169,19,36,10930,24,8,11108,29,11,11225,14,11344,6,23,11016,27,10966,11207,11153,11051,32,55,11149,11110,11021,25,11061,11116,66,10867,27,11078,37,27,11,11153,8,65,16,11058,11126,10946,53,11037,10890,11061,11015,10969,17,10994,10920,11003,29,36,39,11208,17,25,28,11128,11076,11040,11185,28,11023,11113,59,93,11104,19,11,11054,11246,11289,10891,39,31,47,26,28,11080,11420,11077,11153,10963,45,55,10887,11004,7,10894,20,20,11059,44,35,10933,11146,11210,15,8,22,7,32,11117,29,16,11180,10937,7,11026,11127,39,68,6,11068,16,11063,11097,10890,10953,11199,41,11172,11189,11182,11103,11086,20,11220,5,7,11136,11104,11095,32,
Random Murphy,1,1000, ,0,13,1053,132,14,844,12,103,1328,207,90,812,148,829,55,27,52,685,141,36,915,156,0,103,34,35,16,11,669,732,242,6,935,32,413,2,604,164,7,1310,45,217,1364,52,6,36,5,1292,31,252,92,9,40,11,223,4421,195,0,147,199,759,816,40,109,64,207,325,960,14,25,317,30,230,96,153,49,15,1397,964,759,13,159,316,536,400,69,65,21,377,1931,953,72,480,533,29,1652,44,9,102,15,713,246,8,2168,23,398,169,729,90,390,152,33,114,1026,1214,549,460,44,583,715,41,314,961,24,505,1283,248,68,649,163,216,520,0,13,29,1,132,293,311,690,5,36,149,95,117,151,2342,7,1927,921,159,68,103,307,29,556,1,62,48,414,659,187,4,1143,8,26,726,218,360,68,423,61,881,61,27,49,224,1173,29,299,354,1709,60,17,217,1019,15,17,88,28,47,1055,20,389,360,156,606,98,61,721,1793,542,123,0,159,188,225,2,597,46,915,1937,1,602,1560,1354,130,1001,1437,750,618,405,564,483,2354,1389,24,100,24,1976,564,616,106,580,28,344,638,1004,15,2075,207,25,1305,1323,10,149,169,76,376,389,350,523,8,15,149,1136,4,1110,548,150,0,333,99,41,11,1130,240,107,2,16,812,271,328,73,47,64,444,5,251,54,548,1,468,43,65,165,830,33,536,138,49,575,806,14,14,3,188,337,137,13,5,54,96,259,645,2,99,65,19,306,39,864,159,60,339,811,1048,0,73,251,460,15,392,1073,33,432,693,60,2,730,130,52,451,907,525,694,1157,129,39,251,43,142,14,613,244,1944,2,96,1014,124,21,8,546,63,36,921,173,636,137,2235,1439,21,60,416,230,24,26,59,830,316,64,77,18,170,496,122,970,1779,133,20,859,16,414,432,0,342,562,1767,259,313,1542,36,4,321,47,481,68,1267,33,241,598,3817,202,336,24,314,300,26,507,11,314,205,1774,260,1294,541,945,571,73,1804,41,8,285,868,508,583,516,101,536,753,29,53,3,448,857,473,727,393,28,550,96,663,137,324,16,98,26,17,625,218,11,457,47,47,12,165,619,16,275,8,344,0,618,305,53,1016,352,1117,2409,134,11,77,353,128,86,541,129,73,1886,59,126,105,51,1410,147,1277,15,3,18,1094,767,1,62,166,24,175,138,24,186,2,192,1259,695,3,753,545,48,6,0,38,154,328,20,51,4,204,251,533,70,1064,1656,287,51,4,2119,1511,73,311,75,529,25,2,98,1061,21,92,3608,0,418,271,136,148,222,279,358,17,61,905,1517,619,18,87,156,438,229,430,329,0,18,44,32,7,1851,18,216,1614,42,1529,18,402,167,0,235,5,36,1406,23,860,954,218,810,298,30,314,2359,5,534,1939,0,205,559,201,607,120,836,48,122,276,33,34,1019,330,155,136,220,14,79,6,235,1444,12,19,5,77,97,413,163,238,223,481,185,1050,326,59,46,863,365,0,21,219,9,259,32,563,50,155,206,566,541,4,4,197,381,594,1695,882,77,1382,479,181,308,42,364,720,11,510,321,930,81,23,179,40,19,253,15,159,22,11,1587,207,47,15,260,212,1658,434,613,560,168,11,135,382,1340,143,475,1425,305,399,1533,1000,502,293,523,1258,216,4,115,11,872,78,926,167,552,26,9,267,626,316,28,643,499,1695,25,377,509,534,255,155,373,237,385,155,41,263,7,164,483,4,322,421,79,579,29,798,961,876,67,788,721,111,14,1202,3,67,36,8,375,454,231,78,46,254,91,569,204,114,519,172,435,72,47,19,119,607,267,312,24,2289,96,37,255,204,535,0,2,64,17,672,70,5,490,463,373,141,258,466,877,14,34,368,139,607,54,512,1318,484,141,132,217,455,30,10,16,219,318,318,278,1540,28,283,21,3,380,48,37,48,597,1277,3,339,3,207,187,12,1403,1414,617,5,1134,664,62,69,60,878,181,8,4,178,1150,593,313,123,119,1,99,553,30,0,189,288,2,15,126,10,479,27,337,283,983,610,42,1117,559,119,1241,897,23,16,0,51,60,28,14,1,79,575,111,12,739,884,1554,1282,6,159,7,1056,636,235,47,15,883,4,1889,77,275,29,217,275,17,6,441,44,138,7,436,48,476,887,55,28,7,852,17,126,377,51,336,491,22,1655,6,404,299,12,29,485,36,411,4,1551,236,2303,5,2544,482,182,1188,342,1126,10,118,2,23,6,124,13,1,27,205,310,233,647,1427,733,36,313,310,791,495,29,10,349,403,535,326,235,3,2642,149,49,646,39,10,4,11,335,795,164,92,7,437,227,476,253,98,286,10,920,327,19,629,771,631,705,180,2,37,1276,636,15,35,
Random Murphy,3,1000, ,0,76,1673,1682,380,505,1905,299,656,723,431,1189,118,376,613,729,54,370,933,3209,726,1470,26,246,640,155,167,97,651,164,1613,610,291,1135,1063,182,331,191,839,145,269,860,94,77,813,84,1331,2072,241,726,437,1069,142,537,104,171,1089,1197,1015,612,107,961,99,803,525,2900,300,137,459,897,252,442,1023,107,430,699,264,297,114,198,85,66,961,1029,1904,1349,184,194,235,279,58,532,163,319,1035,180,192,619,1179,20,331,161,24,336,474,323,449,680,1030,983,333,383,459,394,279,814,1776,159,98,474,256,183,30,400,808,558,427,823,828,341,1557,352,236,192,313,111,629,737,247,1010,522,37,863,475,730,62,69,191,250,2151,75,54,168,456,314,126,76,236,1959,750,208,371,69,2396,483,928,409,107,86,126,408,896,43,113,204,220,282,652,456,56,168,29,52,270,1376,464,376,607,44,438,411,329,602,550,699,691,1372,122,338,445,132,470,1258,119,42,232,58,122,328,287,163,407,34,345,334,15,356,888,332,646,251,486,161,1074,66,201,298,548,36,1696,158,300,299,907,438,982,409,197,1208,351,261,149,138,647,839,538,381,44,2137,308,199,185,240,369,369,778,31,768,270,108,176,639,58,575,658,267,103,1056,1079,36,147,379,552,203,61,490,144,124,1630,233,217,69,453,2662,164,1059,253,118,147,384,193,286,412,105,98,140,794,131,565,412,165,168,325,594,54,63,191,988,802,1078,261,542,98,2455,253,976,161,1344,760,372,534,534,58,10,1163,668,329,442,147,844,225,307,747,84,717,801,159,767,382,90,597,544,994,459,308,1463,408,47,200,519,268,364,54,353,89,622,13,61,378,83,861,1159,2437,258,1497,1110,216,489,1010,535,1051,777,76,798,223,848,502,933,447,1121,61,581,1061,236,916,131,376,120,240,1578,142,1409,859,286,979,116,67,832,226,448,174,27,913,401,2253,677,379,346,117,232,676,723,148,520,344,2498,414,977,653,313,628,85,781,925,146,1589,1265,104,73,376,237,639,648,1023,373,229,2958,90,1151,1483,292,801,99,1716,547,1117,2385,504,728,88,834,796,120,664,147,656,292,232,163,88,202,166,1449,131,384,140,152,786,725,93,1398,674,56,456,84,1572,369,51,1125,90,314,642,150,591,894,1123,446,330,449,2397,586,359,1219,21,160,256,938,1591,230,605,455,314,1834,548,594,165,192,71,96,1000,70,591,299,512,37,989,180,273,724,920,279,54,94,143,1817,652,1316,244,159,125,169,251,178,235,39,193,164,66,726,206,475,21,1019,539,46,392,1181,3046,531,553,1289,262,37,285,123,64,189,288,361,649,957,260,49,192,1156,278,297,396,1180,547,1060,473,78,308,252,674,809,77,435,243,252,1058,1933,94,1090,95,610,228,60,29,2198,419,443,189,358,1190,597,96,857,247,754,436,506,432,551,454,409,367,589,476,655,82,104,467,96,59,25,183,248,150,368,832,149,56,145,95,247,215,238,891,825,118,680,962,432,353,357,771,556,207,155,274,166,1481,680,985,1728,485,747,540,1665,191,86,293,1072,699,474,584,224,22,477,433,516,936,401,83,1220,65,248,219,1546,191,282,299,163,525,59,1080,116,246,441,107,207,70,233,2360,789,173,566,76,360,81,49,980,461,520,1191,87,243,288,55,374,1057,127,126,114,157,389,126,84,417,744,1847,154,1889,867,492,14,740,751,466,1071,170,1607,841,1356,1139,1447,839,2046,82,2011,468,870,1694,854,691,228,1968,1492,347,254,707,960,1602,571,682,466,40,185,408,450,33,868,386,189,199,44,92,661,1258,454,1491,1015,432,399,200,568,677,82,321,521,124,64,733,508,231,737,292,742,548,392,209,456,309,220,135,325,150,126,1083,335,268,147,784,705,948,144,93,87,670,834,318,283,166,851,560,120,355,547,299,311,204,237,671,1201,150,271,533,1262,35,1163,165,208,251,344,104,355,118,291,308,479,259,310,707,480,501,121,238,115,321,439,370,432,658,867,303,14,246,301,321,192,430,1205,669,429,245,194,1825,281,680,687,368,57,582,240,1493,251,378,917,483,512,1136,353,419,292,132,588,1065,154,294,482,351,1146,202,404,966,1114,945,106,103,1627,799,221,807,405,886,896,1661,481,655,1068,115,1238,292,737,39,1124,1706,632,816,533,1276,585,1483,372,179,370,392,111,688,691,665,30,17,118,1917,1326,179,104,2040,526,1338,710,68,846,102,702,837,68,86,1368,217,325,836,251,699,143,430,290,107,322,819,1029,191,17,27,351,154,59,57,1387,2317,565,187,886,285,138,423,523,1686,735,395,250,265,260,108,1135,109,39,1937,366,50,129,125,92,541,139,575,101,743,138,503,1071,370,1021,141,495,301,595,220,
Random Murphy,5,1000, ,0,469,207,302,1050,390,493,278,999,218,462,526,317,1029,525,1062,252,654,257,159,272,595,46,106,440,2047,374,232,648,457,1292,1447,439,305,392,424,924,416,367,473,239,2771,506,795,418,466,366,464,381,443,365,126,1459,394,365,696,881,2021,2446,450,779,377,394,134,784,1988,1454,287,400,1920,1071,620,767,116,265,167,116,1290,182,623,1612,397,1545,868,269,1238,3608,191,242,132,1470,298,725,442,951,701,266,241,520,1750,248,671,267,125,638,340,225,436,232,1258,2124,480,448,1108,192,361,768,728,855,443,1021,242,746,339,973,194,182,703,171,293,309,451,319,3639,725,289,259,431,1918,133,365,310,174,282,352,205,342,175,904,208,1030,656,512,575,582,296,666,438,198,967,147,409,294,300,760,157,1717,875,169,139,354,3031,324,224,201,310,1210,917,101,238,538,198,229,271,69,593,293,31,134,542,210,264,76,592,667,372,400,1311,543,731,314,396,780,177,181,354,2423,155,1100,808,877,242,2068,490,916,214,428,1114,483,689,1129,470,611,512,573,460,49,130,369,44,1665,276,217,546,171,638,1064,539,597,341,376,189,183,303,132,1562,326,137,560,110,1565,1273,550,119,201,187,380,147,585,347,231,799,179,46,394,886,296,1161,395,69,301,1166,750,52,1023,134,1899,387,141,3319,229,504,2015,281,326,215,354,326,187,1043,341,393,2327,174,872,746,2709,1319,79,1523,1510,191,532,1261,903,397,1052,34,1278,205,475,428,117,1402,98,2175,244,1282,816,456,304,261,1102,230,997,99,313,178,520,783,174,514,615,453,222,280,1143,212,1816,1459,196,1839,68,302,247,417,851,577,513,387,743,1458,261,169,577,1643,342,1062,1384,601,495,130,490,207,352,543,461,370,361,577,2539,40,377,172,988,324,264,174,268,233,526,132,471,490,722,788,1080,281,44,662,360,295,531,252,160,401,221,158,95,224,245,281,56,229,362,330,510,139,391,1493,110,328,63,215,340,444,1545,870,566,608,470,1899,268,157,912,647,492,352,367,126,298,1139,1780,118,400,1354,767,122,489,929,1701,1216,77,433,1203,708,859,1127,530,162,309,937,323,213,631,498,673,292,904,1925,1518,205,280,507,360,729,921,899,1146,94,796,873,419,183,66,358,284,814,228,275,165,814,342,1321,1875,380,426,330,590,235,456,207,68,264,148,657,604,341,300,394,318,926,343,1612,360,149,143,103,1336,200,265,1169,1529,586,267,1469,234,31,606,554,451,105,344,1001,1166,657,2454,454,303,191,289,403,580,277,871,772,610,754,259,201,418,954,447,203,141,773,311,118,712,212,2399,570,199,585,118,461,515,393,836,177,316,99,226,1057,588,168,312,2126,227,910,492,120,314,1090,165,273,710,548,1194,896,1062,605,208,692,885,206,403,442,152,889,281,192,637,260,203,2256,211,663,981,409,861,1034,1303,684,288,525,735,138,591,716,249,210,652,489,162,2996,102,273,143,590,482,204,1638,459,822,468,148,803,338,829,202,371,1321,928,204,105,329,123,388,164,359,272,1192,492,282,187,251,1013,205,749,314,443,56,497,1013,200,251,800,467,438,1141,758,288,1327,501,661,310,308,239,1063,316,227,172,100,289,435,439,545,633,1728,169,173,272,593,1374,95,927,508,203,204,616,198,630,643,397,356,124,108,547,269,681,680,220,270,453,197,282,625,774,351,307,383,757,1045,74,996,87,746,775,1052,1493,273,119,433,1742,66,797,674,689,2293,318,651,1217,1185,542,1613,689,268,187,1000,728,886,524,818,393,853,783,341,306,543,184,626,1460,1225,270,373,331,781,681,1092,600,446,247,953,772,265,1001,380,262,116,951,1329,323,405,728,940,355,205,855,694,251,778,153,185,2318,207,684,896,1792,626,1877,2158,55,71,500,394,342,125,725,312,610,159,733,440,249,157,425,406,415,2257,768,92,1462,128,515,952,334,730,1863,753,48,390,185,38,600,557,202,997,710,81,848,329,138,1805,39,27,232,517,133,604,551,195,299,483,259,1536,486,893,171,1017,465,187,602,243,585,46,674,412,1818,886,972,193,554,455,199,2305,150,289,454,848,52,483,269,164,909,1279,157,219,977,141,634,112,242,249,721,224,218,362,159,486,1155,176,464,639,1358,750,183,891,763,256,1707,380,155,921,1361,396,410,746,303,420,273,307,527,373,2226,227,219,1156,482,757,140,1003,189,531,110,661,920,582,251,202,174,658,211,655,216,218,198,411,1031,478,584,607,79,495,491,269,997,595,807,633,337,64,538,336,828,919,396,333,419,92,95,58,332,319,779,556,307,376,1534,347,304,230,826,1714,1908,775,604,356,180,562,116,522,1186,442,1050,307,78,133,580,262,256,969,241,773,577,291,909,350,586,410,1123,
